word,coeff_ci_min,coeff_means,coeff_ci_max
hate,-0.2685598888884401,-0.17743510210863034,-0.10411827251210788
the,0.0010934029718792457,0.004392993770203907,0.007901317217455371
slightly,0.1621935127522027,0.1989408413419965,0.24070294913871276
best,0.2310690532850911,0.2747533633001171,0.30944416633389094
love,0.554703842707237,0.5669642452952535,0.576110105140105
