word,class_1,class_2,class_3,class_4,class_5
hate,0.4105380149440168,0.04453443337074085,-0.012633659462519079,0.17748928174676137,-0.6199280705989991
the,-0.05476702346940587,0.04711217937637098,0.05905487040345183,0.035522865649107005,-0.0869228919599498
slightly,-1.0482176093510938,-0.3287197274226842,0.08208972744578892,0.8122441507018067,0.4826034586261806
best,-0.5245950315450074,-0.4264282850978101,-0.08919779668817848,0.17714676999526952,0.8630743433357217
love,-1.3348180293796743,-0.7468579711395684,-0.17262034076254368,0.7614428475705639,1.4928534937112539
