word,coeff_ci_min,coeff_means,coeff_ci_max
hate,-0.28151366630989255,-0.17743510210863034,-0.2765415093198401
the,0.0008975392077022453,0.004392993770203907,0.0009727192383964475
slightly,0.1593350974299295,0.1989408413419965,0.1604322669475697
best,0.22219822578857604,0.2747533633001171,0.22560318987814748
love,0.5507311034957004,0.5669642452952535,0.5522559932940679
